kennitala;nafn;netfang;braut;afangi
000000-0201;Jóna Jónsdóttir;jona@example.is;Rafmagnsbraut;STÆR2BH05
000000-0201;Jóna Jónsdóttir;jona@example.is;Rafmagnsbraut;ÍSLE2MB05
000000-0201;Jóna Jónsdóttir;jona@example.is;Rafmagnsbraut;RAFM2RR05
000000-0202;Páll Pálsson;pall@example.is;Starfsbraut;
000000-0203;Sigríður Þórðardóttir;sigga@example.is;Náttúrufræðibraut;EFNA2AB05
000000-0203;Sigríður Þórðardóttir;sigga@example.is;Náttúrufræðibraut;LÍFF2LE05
000000-0204;Ævar Örn Ólafsson;aevar@example.is;Félagsgreinabraut;SAGA2SA05
000000-0204;Ævar Örn Ólafsson;aevar@example.is;Félagsgreinabraut;ENSK2LS05
000000-0205;Guðrún Ásta Benediktsdóttir;gudrun@example.is;Listnámsbraut;MYNL2TE05
000000-0206;Bjarki Már Einarsson;bjarki@example.is;Rafmagnsbraut;STÆR2BH05
000000-0207;Elísabet Úlfarsdóttir;elisabet@example.is;;DANS2AA05
000000-0208;Davíð Þór Hauksson;david@example.is;Starfsbraut;ÍSLE2MB05
